{"stats":{"minecraft:custom":{"minecraft:jump":43,"minecraft:time_since_rest":14830,"minecraft:damage_dealt":63,"minecraft:deaths":3,"minecraft:sprint_one_cm":6719,"minecraft:play_time":23044,"minecraft:damage_taken":785,"minecraft:time_since_death":6482,"minecraft:walk_one_cm":12540,"minecraft:climb_one_cm":378,"minecraft:total_world_time":23044,"minecraft:fall_one_cm":1135,"minecraft:fly_one_cm":3773},"minecraft:killed_by":{"minecraft:zombie":3},"minecraft:mined":{"minecraft:grass":1,"minecraft:tall_grass":3}},"DataVersion":3465}