{"stats":{"minecraft:custom":{"minecraft:jump":43,"minecraft:time_since_rest":9007,"minecraft:damage_dealt":63,"minecraft:deaths":4,"minecraft:sprint_one_cm":6719,"minecraft:play_time":35044,"minecraft:damage_taken":1035,"minecraft:time_since_death":0,"minecraft:walk_one_cm":14908,"minecraft:climb_one_cm":378,"minecraft:total_world_time":35044,"minecraft:fall_one_cm":1135,"minecraft:fly_one_cm":4234},"minecraft:killed_by":{"minecraft:zombie":4},"minecraft:mined":{"minecraft:grass":1,"minecraft:tall_grass":3}},"DataVersion":3465}