{"stats":{"minecraft:custom":{"minecraft:jump":43,"minecraft:time_since_rest":1976,"minecraft:damage_dealt":155,"minecraft:crouch_one_cm":905,"minecraft:sprint_one_cm":985,"minecraft:play_time":1976,"minecraft:time_since_death":1976,"minecraft:walk_one_cm":3003,"minecraft:sneak_time":253,"minecraft:total_world_time":1976,"minecraft:mob_kills":1,"minecraft:fall_one_cm":1730,"minecraft:fly_one_cm":4097},"minecraft:picked_up":{"minecraft:beef":1,"minecraft:leather":1,"minecraft:dirt":1},"minecraft:killed":{"minecraft:cow":1},"minecraft:used":{"minecraft:dirt":1},"minecraft:mined":{"minecraft:grass":1,"minecraft:tall_grass":2,"minecraft:grass_block":1}},"DataVersion":3465}