{"stats":{"minecraft:custom":{"minecraft:open_chest":1,"minecraft:time_since_rest":757,"minecraft:crouch_one_cm":930,"minecraft:play_time":14332,"minecraft:sprint_one_cm":13199,"minecraft:damage_taken":105,"minecraft:walk_one_cm":17807,"minecraft:sneak_time":261,"minecraft:mob_kills":4,"minecraft:drop":7,"minecraft:jump":170,"minecraft:damage_dealt":527,"minecraft:leave_game":1,"minecraft:time_since_death":14332,"minecraft:sleep_in_bed":1,"minecraft:climb_one_cm":95,"minecraft:total_world_time":14332,"minecraft:fall_one_cm":5517,"minecraft:fly_one_cm":26688},"minecraft:picked_up":{"minecraft:rotten_flesh":3,"minecraft:leather":1,"minecraft:wheat_seeds":8,"minecraft:beef":1,"minecraft:oak_log":5,"minecraft:dirt":1,"minecraft:egg":1},"minecraft:dropped":{"minecraft:wheat_seeds":7},"minecraft:killed":{"minecraft:frog":1,"minecraft:zombie":2,"minecraft:cow":1},"minecraft:used":{"minecraft:rotten_flesh":1,"minecraft:dirt":1,"minecraft:egg":1},"minecraft:mined":{"minecraft:grass":62,"minecraft:grass_block":1,"minecraft:oak_log":5,"minecraft:tall_grass":6}},"DataVersion":3465}