{"stats":{"minecraft:crafted":{"minecraft:oak_planks":24,"minecraft:charcoal":2,"minecraft:crafting_table":2,"minecraft:stick":12,"minecraft:wooden_pickaxe":1,"minecraft:stone_pickaxe":2,"minecraft:stone_sword":1,"minecraft:furnace":1,"minecraft:torch":8,"minecraft:stone_axe":1,"minecraft:air":0,"minecraft:bread":66,"minecraft:wheat":198},"minecraft:custom":{"minecraft:time_since_rest":36401,"minecraft:interact_with_furnace":2,"minecraft:sprint_one_cm":81546,"minecraft:damage_taken":443,"minecraft:walk_one_cm":112842,"minecraft:mob_kills":3,"minecraft:drop":4,"minecraft:damage_dealt":838,"minecraft:talked_to_villager":1,"minecraft:swim_one_cm":5069,"minecraft:interact_with_crafting_table":6,"minecraft:fly_one_cm":191461,"minecraft:open_chest":2,"minecraft:crouch_one_cm":3289,"minecraft:play_time":60608,"minecraft:walk_under_water_one_cm":8437,"minecraft:sneak_time":1061,"minecraft:interact_with_brewingstand":1,"minecraft:jump":644,"minecraft:interact_with_stonecutter":1,"minecraft:leave_game":2,"minecraft:walk_on_water_one_cm":7724,"minecraft:time_since_death":60608,"minecraft:sleep_in_bed":2,"minecraft:climb_one_cm":1233,"minecraft:total_world_time":60608,"minecraft:fall_one_cm":9559},"minecraft:picked_up":{"minecraft:raw_iron":15,"minecraft:crafting_table":3,"minecraft:clay_ball":96,"minecraft:leather":2,"minecraft:oak_log":17,"minecraft:dirt":23,"minecraft:raw_copper":40,"minecraft:bone":2,"minecraft:arrow":2,"minecraft:rotten_flesh":3,"minecraft:apple":2,"minecraft:bow":1,"minecraft:wheat_seeds":2,"minecraft:granite":2,"minecraft:hay_block":22,"minecraft:beef":2,"minecraft:oak_sapling":6,"minecraft:furnace":1,"minecraft:cobblestone":124,"minecraft:egg":1},"minecraft:dropped":{"minecraft:netherite_sword":1,"minecraft:rotten_flesh":3},"minecraft:killed":{"minecraft:skeleton":1,"minecraft:zombie":1,"minecraft:cow":1},"minecraft:broken":{"minecraft:stone_pickaxe":1},"minecraft:used":{"minecraft:netherite_sword":4,"minecraft:stone_sword":4,"minecraft:apple":2,"minecraft:bread":7,"minecraft:stone_pickaxe":132,"minecraft:wooden_pickaxe":25,"minecraft:stone_axe":12,"minecraft:dirt":6,"minecraft:cobblestone":38,"minecraft:crafting_table":4,"minecraft:furnace":1,"minecraft:egg":1},"minecraft:mined":{"minecraft:hay_block":22,"minecraft:furnace":1,"minecraft:iron_ore":15,"minecraft:clay":24,"minecraft:crafting_table":3,"minecraft:granite":3,"minecraft:grass":4,"minecraft:grass_block":8,"minecraft:oak_log":13,"minecraft:dirt":15,"minecraft:cobblestone":2,"minecraft:copper_ore":12,"minecraft:stone":124,"minecraft:oak_leaves":6}},"DataVersion":3465}