{"stats":{"minecraft:custom":{"minecraft:time_since_rest":12608,"minecraft:crouch_one_cm":96,"minecraft:sprint_one_cm":6606,"minecraft:play_time":12608,"minecraft:walk_one_cm":17049,"minecraft:damage_taken":150,"minecraft:sneak_time":281,"minecraft:walk_under_water_one_cm":4654,"minecraft:mob_kills":1,"minecraft:jump":94,"minecraft:damage_dealt":532,"minecraft:leave_game":2,"minecraft:time_since_death":12608,"minecraft:walk_on_water_one_cm":756,"minecraft:total_world_time":12608,"minecraft:climb_one_cm":414,"minecraft:fall_one_cm":627,"minecraft:fly_one_cm":106353},"minecraft:picked_up":{"minecraft:leather":2,"minecraft:beef":2,"minecraft:oak_sapling":1,"minecraft:dirt":6},"minecraft:killed":{"minecraft:cow":1},"minecraft:used":{"minecraft:netherite_sword":4,"minecraft:dirt":5},"minecraft:mined":{"minecraft:grass":2,"minecraft:grass_block":4,"minecraft:dirt":2,"minecraft:oak_leaves":5}},"DataVersion":3465}