{"stats":{"minecraft:crafted":{"minecraft:oak_planks":24,"minecraft:crafting_table":2,"minecraft:stick":8,"minecraft:wooden_pickaxe":1,"minecraft:stone_pickaxe":1,"minecraft:stone_sword":1,"minecraft:stone_axe":1,"minecraft:bread":66,"minecraft:wheat":198},"minecraft:custom":{"minecraft:time_since_rest":12401,"minecraft:sprint_one_cm":54758,"minecraft:damage_taken":373,"minecraft:walk_one_cm":83134,"minecraft:mob_kills":2,"minecraft:drop":1,"minecraft:damage_dealt":638,"minecraft:swim_one_cm":5069,"minecraft:interact_with_crafting_table":3,"minecraft:fly_one_cm":157467,"minecraft:crouch_one_cm":3289,"minecraft:play_time":36608,"minecraft:walk_under_water_one_cm":5941,"minecraft:sneak_time":1058,"minecraft:jump":363,"minecraft:interact_with_stonecutter":1,"minecraft:leave_game":2,"minecraft:walk_on_water_one_cm":2292,"minecraft:time_since_death":36608,"minecraft:sleep_in_bed":2,"minecraft:climb_one_cm":809,"minecraft:total_world_time":36608,"minecraft:fall_one_cm":5973},"minecraft:picked_up":{"minecraft:raw_iron":2,"minecraft:crafting_table":1,"minecraft:leather":2,"minecraft:oak_log":6,"minecraft:dirt":18,"minecraft:rotten_flesh":3,"minecraft:apple":2,"minecraft:wheat_seeds":2,"minecraft:hay_block":22,"minecraft:beef":2,"minecraft:oak_sapling":2,"minecraft:cobblestone":78,"minecraft:egg":1},"minecraft:dropped":{"minecraft:netherite_sword":1},"minecraft:killed":{"minecraft:zombie":1,"minecraft:cow":1},"minecraft:used":{"minecraft:netherite_sword":4,"minecraft:apple":2,"minecraft:bread":5,"minecraft:stone_pickaxe":56,"minecraft:wooden_pickaxe":25,"minecraft:stone_axe":1,"minecraft:dirt":6,"minecraft:crafting_table":2,"minecraft:egg":1},"minecraft:mined":{"minecraft:hay_block":22,"minecraft:iron_ore":2,"minecraft:crafting_table":1,"minecraft:grass":3,"minecraft:grass_block":8,"minecraft:oak_log":6,"minecraft:dirt":10,"minecraft:stone":79,"minecraft:oak_leaves":5}},"DataVersion":3465}