{"stats":{"minecraft:crafted":{"minecraft:oak_planks":24,"minecraft:crafting_table":1},"minecraft:custom":{"minecraft:time_since_rest":401,"minecraft:crouch_one_cm":2444,"minecraft:sprint_one_cm":21964,"minecraft:play_time":24608,"minecraft:walk_one_cm":43407,"minecraft:damage_taken":333,"minecraft:sneak_time":782,"minecraft:walk_under_water_one_cm":4654,"minecraft:mob_kills":2,"minecraft:drop":1,"minecraft:jump":154,"minecraft:damage_dealt":638,"minecraft:leave_game":2,"minecraft:time_since_death":24608,"minecraft:walk_on_water_one_cm":1234,"minecraft:sleep_in_bed":2,"minecraft:total_world_time":24608,"minecraft:climb_one_cm":505,"minecraft:fall_one_cm":1314,"minecraft:fly_one_cm":117299},"minecraft:picked_up":{"minecraft:apple":2,"minecraft:leather":2,"minecraft:hay_block":22,"minecraft:beef":2,"minecraft:oak_log":6,"minecraft:oak_sapling":2,"minecraft:dirt":8},"minecraft:dropped":{"minecraft:netherite_sword":1},"minecraft:killed":{"minecraft:zombie":1,"minecraft:cow":1},"minecraft:used":{"minecraft:netherite_sword":4,"minecraft:apple":2,"minecraft:dirt":6},"minecraft:mined":{"minecraft:hay_block":22,"minecraft:grass":3,"minecraft:oak_log":6,"minecraft:grass_block":5,"minecraft:dirt":3,"minecraft:oak_leaves":5}},"DataVersion":3465}